USE employee_db;
-- version 4.7.1
-- https://www.phpmyadmin.net/
--
-- Host: sql8.freesqldatabase.com
-- Generation Time: Apr 17, 2026 at 01:47 PM
-- Server version: 5.5.62-0ubuntu0.14.04.1
-- PHP Version: 7.0.33-0ubuntu0.16.04.16

SET SQL_MODE = "NO_AUTO_VALUE_ON_ZERO";
SET AUTOCOMMIT = 0;
START TRANSACTION;
SET time_zone = "+00:00";


/*!40101 SET @OLD_CHARACTER_SET_CLIENT=@@CHARACTER_SET_CLIENT */;
/*!40101 SET @OLD_CHARACTER_SET_RESULTS=@@CHARACTER_SET_RESULTS */;
/*!40101 SET @OLD_COLLATION_CONNECTION=@@COLLATION_CONNECTION */;
/*!40101 SET NAMES utf8mb4 */;

--
-- Database: `sql8823511`
--

-- --------------------------------------------------------

--
-- Table structure for table `department`
--

CREATE TABLE `department` (
  `dept_id` int(11) NOT NULL,
  `department` varchar(50) NOT NULL
) ENGINE=InnoDB DEFAULT CHARSET=latin1;

--
-- Dumping data for table `department`
--

INSERT INTO `department` (`dept_id`, `department`) VALUES
(0, 'department'),
(1, 'Operations'),
(2, 'HR'),
(3, 'Sales'),
(4, 'Engineering'),
(5, 'Finance'),
(6, 'IT'),
(7, 'Marketing');

-- --------------------------------------------------------

--
-- Table structure for table `employee`
--

CREATE TABLE `employee` (
  `employee_id` int(11) NOT NULL,
  `name` varchar(100) DEFAULT NULL,
  `dept_id` int(11) DEFAULT NULL,
  `hire_date` date DEFAULT NULL,
  `salary` decimal(10,2) DEFAULT NULL,
  `performance_rating` int(11) DEFAULT NULL,
  `email` varchar(100) DEFAULT NULL,
  `location_id` int(11) DEFAULT NULL
) ENGINE=InnoDB DEFAULT CHARSET=latin1;

--
-- Dumping data for table `employee`
--

INSERT INTO `employee` (`employee_id`, `name`, `dept_id`, `hire_date`, `salary`, `performance_rating`, `email`, `location_id`) VALUES
(1001, 'Matthew White', 3, '2019-02-01', '65106.00', 3, 'matthew.white@company.com', 4),
(1002, 'Sarah Martinez', 5, '2014-10-26', '65467.00', 2, 'sarah.martinez@company.com', 3),
(1003, 'John Martin', 7, '2021-09-21', '76569.00', 2, 'john.martin@company.com', 1),
(1004, 'Jessica Lewis', 2, '2014-03-09', '64223.62', 5, 'jessica.lewis@company.com', 3),
(1005, 'James Lee', 1, '2015-10-10', '60380.00', 4, 'james.lee@company.com', 3),
(1006, 'Lisa Taylor', 4, '2018-06-12', '85389.00', 2, 'lisa.taylor@company.com', 5),
(1007, 'Lisa Smith', 6, '2018-08-30', '98671.00', 4, 'lisa.smith@company.com', 3),
(1008, 'David Thompson', 4, '2019-06-07', '118174.00', 1, 'david.thompson@company.com', 4),
(1009, 'Jessica Robinson', 7, '2019-03-18', '64473.00', 3, 'jessica.robinson@company.com', 3),
(1010, 'Sarah Moore', 5, '2016-04-15', '69360.00', 4, 'sarah.moore@company.com', 2),
(1011, 'Susan Martinez', 5, '0000-00-00', '117741.00', 4, 'susan.martinez@company.com', 2),
(1012, 'Jessica Hall', 1, '0000-00-00', '48753.00', 4, 'jessica.hall@company.com', 5),
(1013, 'Kevin Thompson', 1, '2015-08-12', '71338.00', 2, 'kevin.thompson@company.com', 5),
(1014, 'Barbara Brown', 3, '2017-07-04', '55039.00', 4, 'barbara.brown@company.com', 2),
(1015, 'Michael Young', 6, '0000-00-00', '119634.00', 1, 'michael.young@company.com', 5),
(1016, 'Daniel Jones', 6, '0000-00-00', '108971.00', 2, 'daniel.jones@company.com', 5),
(1017, 'Linda Rodriguez', 7, '0000-00-00', '77252.00', 5, 'linda.rodriguez@company.com', 1),
(1018, 'Jane Brown', 4, '2022-03-27', '95123.98', 5, 'jane.brown@company.com', 1),
(1019, 'John Young', 3, '2023-08-27', '75856.00', 3, 'john.young@company.com', 3),
(1020, 'Michael Brown', 5, '0000-00-00', '104633.00', 1, 'michael.brown@company.com', 2),
(1021, 'Robert Harris', 3, '2024-12-09', '80226.00', 4, 'robert.harris@company.com', 4),
(1022, 'Lisa Moore', 4, '2018-06-22', '98627.00', 1, 'lisa.moore@company.com', 2),
(1023, 'Charles Jones', 5, '2015-06-20', '104929.00', 5, 'charles.jones@company.com', 2),
(1024, 'Elizabeth Rodriguez', 1, '2022-07-13', '56217.00', 4, 'elizabeth.rodriguez@company.com', 1),
(1025, 'John Martinez', 2, '2018-02-26', '84047.00', 1, 'john.martinez@company.com', 1),
(1026, 'Barbara Martin', 2, '2019-10-11', '50365.00', 2, 'barbara.martin@company.com', 5),
(1027, 'Robert Miller', 1, '2020-04-19', '74439.00', 4, 'robert.miller@company.com', 4),
(1028, 'Christopher White', 7, '2015-03-11', '79278.00', 2, 'christopher.white@company.com', 1),
(1029, 'Matthew Hernandez', 3, '2017-07-31', '79614.00', 1, 'matthew.hernandez@company.com', 5),
(1030, 'Christopher Miller', 5, '2016-09-17', '101122.00', 4, 'christopher.miller@company.com', 4),
(1031, 'Barbara Thompson', 1, '2019-03-26', '63709.00', 3, 'barbara.thompson@company.com', 1),
(1032, 'Linda Lee', 6, '2015-05-17', '70237.00', 3, 'linda.lee@company.com', 2),
(1033, 'Lisa Walker', 1, '0000-00-00', '76973.00', 5, 'lisa.walker@company.com', 2),
(1034, 'Thomas Rodriguez', 7, '2019-01-16', '57353.00', 4, 'thomas.rodriguez@company.com', 4),
(1035, 'Daniel Taylor', 3, '2016-10-12', '49047.00', 1, 'daniel.taylor@company.com', 4),
(1036, 'James Thomas', 1, '2015-08-01', '75890.00', 3, 'james.thomas@company.com', 1),
(1037, 'Karen Rodriguez', 6, '2015-01-02', '86317.22', 5, 'karen.rodriguez@company.com', 1),
(1038, 'Nancy Young', 4, '2014-07-27', '96497.00', 4, 'nancy.young@company.com', 4),
(1039, 'John Hall', 6, '2017-03-04', '79641.00', 3, 'john.hall@company.com', 4),
(1040, 'Andrew Walker', 1, '2024-08-08', '50783.00', 4, 'andrew.walker@company.com', 5),
(1041, 'Karen Johnson', 5, '2018-04-23', '76503.00', 5, 'karen.johnson@company.com', 5),
(1042, 'Emily Williams', 6, '2023-09-10', '86317.22', 1, 'emily.williams@company.com', 5),
(1043, 'Christopher Lee', 3, '2020-11-25', '73956.00', 5, 'christopher.lee@company.com', 2),
(1044, 'Linda Wilson', 6, '2018-09-09', '75235.00', 1, 'linda.wilson@company.com', 2),
(1045, 'William Robinson', 5, '2016-10-13', '99583.00', 2, 'william.robinson@company.com', 5),
(1046, 'James Rodriguez', 6, '2024-10-18', '86922.00', 3, 'james.rodriguez@company.com', 5),
(1047, 'David Johnson', 3, '2023-09-15', '91983.00', 2, 'david.johnson@company.com', 4),
(1048, 'Robert Smith', 4, '2024-02-13', '95123.98', 1, 'robert.smith@company.com', 2),
(1049, 'Andrew Hernandez', 5, '2015-10-17', '87035.00', 4, 'andrew.hernandez@company.com', 5),
(1050, 'William Clark', 2, '2023-02-15', '50959.00', 1, 'william.clark@company.com', 3),
(1051, 'Sarah Jones', 1, '2017-09-03', '73447.00', 1, 'sarah.jones@company.com', 1),
(1052, 'Michael Lee', 4, '0000-00-00', '95123.98', 4, 'michael.lee@company.com', 5),
(1053, 'Richard Rodriguez', 3, '0000-00-00', '48646.00', 2, 'richard.rodriguez@company.com', 2),
(1054, 'Sarah Garcia', 5, '2022-01-02', '84716.00', 3, 'sarah.garcia@company.com', 5),
(1055, 'Jennifer Harris', 1, '2017-07-04', '48647.00', 1, 'jennifer.harris@company', 3),
(1056, 'Nancy Anderson', 4, '2016-02-17', '95123.98', 1, 'nancy.anderson@company.com', 4),
(1057, 'Jennifer Moore', 3, '0000-00-00', '72225.00', 3, 'jennifer.moore@company.com', 2),
(1058, 'Elizabeth White', 6, '0000-00-00', '119873.00', 1, 'elizabeth.white@company.com', 4),
(1059, 'James Wilson', 2, '2019-08-03', '81956.00', 3, 'james.wilson@company.com', 1),
(1060, 'Karen Moore', 6, '2019-10-10', '67567.00', 3, 'karen.moore@company.com', 4),
(1061, 'Jane Smith', 2, '2019-03-28', '81621.00', 3, 'jane.smith@company.com', 5),
(1062, 'Jessica Brown', 3, '2019-08-05', '75302.00', 4, 'jessica.brown@company.com', 3),
(1063, 'Thomas Williams', 2, '2023-11-10', '65196.00', 2, 'thomas.williams@company.com', 4),
(1064, 'Barbara Young', 4, '2017-06-17', '72853.00', 2, 'barbara.young@company.com', 3),
(1065, 'Sarah White', 1, '2019-07-31', '65948.00', 5, 'sarah.white@company.com', 2),
(1066, 'Betty Young', 6, '2014-05-04', '93352.00', 4, 'betty.young@company.com', 2),
(1067, 'Richard Jones', 2, '2015-04-01', '45197.00', 5, 'richard.jones@company.com', 5),
(1068, 'Michael Moore', 1, '2024-08-07', '54280.00', 2, 'michael.moore@company.com', 5),
(1069, 'Barbara Johnson', 7, '2018-05-30', '87900.00', 2, 'barbara.johnson@company', 5),
(1070, 'Mary Robinson', 2, '2019-09-02', '64223.62', 2, 'mary.robinson@company.com', 3),
(1071, 'Joshua Lopez', 7, '2019-02-16', '52968.00', 1, 'joshua.lopez@company.com', 1),
(1073, 'Elizabeth Moore', 5, '2016-09-13', '77579.00', 4, 'elizabeth.moore@company.com', 1),
(1074, 'Kevin Jones', 1, '2016-05-31', '44178.00', 5, 'kevin.jones@company.com', 2),
(1075, 'Nancy Wilson', 4, '2020-07-17', '95123.98', 2, 'nancy.wilson@company.com', 2),
(1076, 'Jennifer Jones', 5, '2017-12-16', '58948.00', 4, 'jennifer.jones@company.com', 1),
(1077, 'Daniel Johnson', 6, '0000-00-00', '69046.00', 5, 'daniel.johnson@company.com', 5),
(1078, 'Robert Martinez', 5, '2014-07-27', '119627.00', 2, 'robert.martinez@company.com', 4),
(1079, 'Christopher Lopez', 6, '2017-02-26', '86317.22', 2, 'christopher.lopez@company.com', 1),
(1080, 'Michael Young', 2, '2019-07-21', '47079.00', 4, 'michael.young@company.com', 4),
(1081, 'Jane Hall', 2, '2020-09-13', '63814.00', 3, 'jane.hall@company.com', 1),
(1082, 'Susan Lewis', 2, '2023-11-24', '71795.00', 4, 'susan.lewis@company.com', 4),
(1083, 'Lisa Walker', 6, '0000-00-00', '83590.00', 3, 'lisa.walker@company.com', 5),
(1084, 'Andrew Johnson', 1, '2021-05-03', '48875.00', 1, 'andrew.johnson@company.com', 2),
(1085, 'Mary Young', 5, '2021-07-17', '105189.00', 4, 'mary.young@company.com', 1),
(1086, 'Michael Lopez', 4, '2019-12-04', '95123.98', 3, 'michael.lopez@company.com', 1),
(1087, 'Nancy Miller', 4, '2017-03-16', '119081.00', 5, 'nancy.miller@company.com', 5),
(1088, 'Lisa Thompson', 6, '2020-01-08', '110132.00', 2, 'lisa.thompson@company.com', 3),
(1089, 'Nancy Davis', 7, '2014-02-03', '79395.00', 1, 'nancy.davis@company.com', 1),
(1090, 'Sarah Thompson', 6, '2023-03-07', '109479.00', 4, 'sarah.thompson@company.com', 4),
(1091, 'Richard Brown', 3, '2015-03-17', '69618.00', 3, 'richard.brown@company.com', 5),
(1092, 'James Lopez', 4, '2018-11-01', '80518.00', 5, 'james.lopez@company.com', 3),
(1093, 'Thomas Clark', 2, '2015-03-07', '80343.00', 3, 'thomas.clark@company.com', 1),
(1094, 'Matthew Moore', 7, '2023-11-24', '58715.00', 4, 'matthew.moore@company.com', 1),
(1095, 'Joshua Young', 6, '0000-00-00', '105582.00', 3, 'joshua.young@company.com', 2),
(1096, 'Jennifer Walker', 2, '0000-00-00', '52774.00', 4, 'jennifer.walker@company.com', 3),
(1097, 'Emily Wilson', 5, '2018-02-07', '66696.00', 3, 'emily.wilson@company.com', 5),
(1098, 'Jennifer Martin', 5, '2022-07-26', '90209.00', 2, 'jennifer.martin@company.com', 4),
(1099, 'Jennifer Harris', 1, '2018-07-10', '65759.00', 4, 'jennifer.harris@company.com', 1),
(1100, 'Robert Jones', 2, '2018-07-02', '79658.00', 4, 'robert.jones@company.com', 5),
(1101, 'Susan Hall', 4, '2014-07-05', '86691.00', 1, 'susan.hall@company.com', 2),
(1102, 'James Hall', 3, '2018-06-29', '92700.00', 2, 'james.hall@company.com', 1),
(1103, 'Christopher Davis', 2, '0000-00-00', '59594.00', 3, 'christopher.davis@company.com', 3),
(1104, 'Betty Walker', 6, '0000-00-00', '60455.00', 5, 'betty.walker@company.com', 5),
(1105, 'Susan Garcia', 4, '2020-04-20', '72979.00', 3, 'susan.garcia@company.com', 4),
(1106, 'Matthew Lewis', 7, '2016-03-08', '69553.00', 5, 'matthew.lewis@company.com', 2),
(1107, 'Michael Lewis', 2, '2018-01-24', '75343.00', 3, 'michael.lewis@company.com', 5),
(1108, 'Elizabeth Garcia', 7, '2020-03-16', '85680.00', 3, 'elizabeth.garcia@company.com', 1),
(1109, 'Matthew Young', 4, '2017-03-28', '95123.98', 1, 'matthew.young@company.com', 4),
(1110, 'Emily Wilson', 6, '2014-10-29', '86317.22', 4, 'emily.wilson@company.com', 1),
(1111, 'Barbara Smith', 4, '2018-05-02', '119712.00', 3, 'barbara.smith@company.com', 1),
(1112, 'Jessica Garcia', 4, '2019-08-28', '100102.00', 1, 'jessica.garcia@company.com', 3),
(1113, 'Lisa Harris', 4, '0000-00-00', '95123.98', 5, 'lisa.harris@company.com', 3),
(1114, 'Emily Hall', 5, '2022-07-28', '85187.00', 1, 'emily.hall@company.com', 1),
(1115, 'Thomas Hernandez', 1, '2020-03-02', '62685.00', 5, 'thomas.hernandez@company.com', 2),
(1116, 'Richard Lewis', 4, '2017-02-19', '90332.00', 4, 'richard.lewis@company.com', 3),
(1117, 'James Hall', 5, '2023-04-04', '73064.00', 3, 'james.hall@company.com', 3),
(1118, 'Betty Wilson', 3, '2020-12-27', '57352.00', 2, 'betty.wilson@company.com', 3),
(1119, 'Matthew Lewis', 5, '2021-08-18', '116434.00', 5, 'matthew.lewis@company', 3),
(1120, 'Christopher Thompson', 7, '2020-11-07', '57395.00', 3, 'christopher.thompson@company.com', 4),
(1121, 'Barbara Walker', 3, '2015-02-05', '47111.00', 2, 'barbara.walker@company.com', 1),
(1122, 'Lisa Harris', 7, '2015-06-12', '77475.00', 2, 'lisa.harris@company.com', 4),
(1123, 'Susan Lewis', 1, '2024-12-07', '41025.00', 5, 'susan.lewis@company.com', 5),
(1125, 'Joshua Rodriguez', 2, '2018-02-06', '58505.00', 3, 'joshua.rodriguez@company.com', 5),
(1126, 'Andrew Garcia', 5, '2018-09-03', '59409.00', 1, 'andrew.garcia@company.com', 4),
(1127, 'Andrew Lewis', 6, '0000-00-00', '73224.00', 1, 'andrew.lewis@company.com', 1),
(1128, 'Jane White', 7, '2017-10-20', '88924.00', 3, 'jane.white@company.com', 5),
(1129, 'Lisa Brown', 1, '2020-04-03', '42200.00', 4, 'lisa.brown@company.com', 3),
(1130, 'Joshua Gonzalez', 2, '2024-07-12', '74257.00', 1, 'joshua.gonzalez@company.com', 5),
(1131, 'Jane Walker', 1, '2018-02-06', '79176.00', 5, 'jane.walker@company', 2),
(1132, 'Karen Johnson', 1, '0000-00-00', '43190.00', 3, 'karen.johnson@company.com', 3),
(1133, 'William Walker', 2, '0000-00-00', '61038.00', 2, 'william.walker@company.com', 3),
(1134, 'Richard Thomas', 2, '2016-03-26', '47899.00', 1, 'richard.thomas@company.com', 3),
(1135, 'James Davis', 6, '2020-03-10', '112725.00', 3, 'james.davis@company.com', 5),
(1136, 'Michael Miller', 3, '0000-00-00', '73767.00', 3, 'michael.miller@company.com', 3),
(1137, 'Robert Robinson', 3, '2018-07-03', '60357.00', 4, 'robert.robinson@company.com', 2),
(1138, 'Betty Hall', 4, '2019-08-11', '95123.98', 2, 'betty.hall@company.com', 4),
(1139, 'Daniel Anderson', 7, '2014-06-14', '64238.00', 2, 'daniel.anderson@company.com', 2),
(1140, 'Kevin Lopez', 2, '2014-07-05', '48699.00', 2, 'kevin.lopez@company.com', 1),
(1141, 'Christopher Martinez', 1, '2014-06-09', '49183.00', 5, 'christopher.martinez@company.com', 3),
(1142, 'William Robinson', 7, '2015-07-16', '83023.00', 3, 'william.robinson@company.com', 2),
(1143, 'Robert Lewis', 4, '2022-01-01', '107914.00', 5, 'robert.lewis@company.com', 5),
(1144, 'Matthew Walker', 1, '2017-09-26', '55346.00', 3, 'matthew.walker@company.com', 1),
(1145, 'Patricia Davis', 5, '2023-01-07', '108463.00', 3, 'patricia.davis@company.com', 2),
(1146, 'Richard Davis', 4, '0000-00-00', '95123.98', 0, 'richard.davis@company.com', 3),
(1147, 'Kevin Smith', 2, '0000-00-00', '65899.00', 3, 'kevin.smith@company.com', 5),
(1148, 'Betty Thompson', 5, '0000-00-00', '92845.00', 4, 'betty.thompson@company.com', 3),
(1149, 'Matthew Miller', 5, '2015-09-03', '94185.00', 3, 'matthew.miller@company.com', 1),
(1150, 'Thomas Gonzalez', 4, '0000-00-00', '112030.00', 3, 'thomas.gonzalez@company.com', 2),
(1151, 'David Hernandez', 2, '2024-01-07', '60525.00', 1, 'david.hernandez@company.com', 3),
(1152, 'James Rodriguez', 1, '2019-10-13', '59776.00', 4, 'james.rodriguez@company.com', 1),
(1153, 'David Walker', 5, '0000-00-00', '112426.00', 1, 'david.walker@company.com', 5),
(1154, 'Lisa Williams', 4, '2017-05-09', '95123.98', 2, 'lisa.williams@company.com', 2),
(1155, 'Jessica Clark', 4, '2024-06-11', '95123.98', 2, 'jessica.clark@company.com', 2),
(1157, 'Barbara Lopez', 2, '0000-00-00', '72103.00', 5, 'barbara.lopez@company.com', 2),
(1158, 'James Lee', 4, '0000-00-00', '109387.00', 3, 'james.lee@company.com', 5),
(1159, 'Jessica Taylor', 4, '0000-00-00', '106064.00', 1, 'jessica.taylor@company.com', 5),
(1160, 'Daniel Gonzalez', 4, '0000-00-00', '77989.00', 4, 'daniel.gonzalez@company.com', 2),
(1161, 'Linda Thompson', 7, '0000-00-00', '86485.00', 3, 'linda.thompson@company', 3),
(1162, 'Kevin Robinson', 3, '2023-06-14', '83775.00', 3, 'kevin.robinson@company.com', 3),
(1163, 'Daniel Moore', 1, '2017-10-05', '51477.00', 5, 'daniel.moore@company.com', 5),
(1164, 'Richard Hernandez', 7, '0000-00-00', '77997.00', 3, 'richard.hernandez@company', 3),
(1165, 'Jennifer Smith', 4, '2017-10-09', '95123.98', 7, 'jennifer.smith@company.com', 1),
(1166, 'Lisa Brown', 3, '2019-09-09', '77481.00', 3, 'lisa.brown@company.com', 4),
(1167, 'David Young', 1, '2023-04-16', '43072.00', 3, 'david.young@company.com', 2),
(1168, 'Charles Rodriguez', 5, '2019-09-19', '118720.00', 5, 'charles.rodriguez@company.com', 1),
(1169, 'Patricia Garcia', 6, '2019-12-21', '86317.22', 4, 'patricia.garcia@company.com', 5),
(1170, 'Michael Jackson', 1, '2019-06-30', '64979.00', 3, 'michael.jackson@company.com', 4),
(1171, 'Andrew Rodriguez', 7, '2021-12-12', '74203.47', 1, 'andrew.rodriguez@company.com', 5),
(1172, 'Jane Johnson', 7, '2020-04-24', '74203.47', 2, 'jane.johnson@company.com', 4),
(1173, 'Nancy Brown', 7, '2017-05-12', '77284.00', 4, 'nancy.brown@company.com', 1),
(1174, 'Sarah Martin', 1, '0000-00-00', '66755.00', 1, 'sarah.martin@company.com', 4),
(1175, 'David Wilson', 2, '2023-02-24', '54779.00', 5, 'david.wilson@company.com', 3),
(1176, 'Matthew Lopez', 4, '2014-10-03', '109306.00', 5, 'matthew.lopez@company.com', 1),
(1177, 'Emily Harris', 1, '2018-02-17', '64671.00', 3, 'emily.harris@company.com', 2),
(1178, 'Karen Lewis', 5, '2017-09-18', '67050.00', 5, 'karen.lewis@company.com', 5),
(1179, 'Susan Hernandez', 6, '0000-00-00', '86317.22', 2, 'susan.hernandez@company.com', 3),
(1180, 'Linda Wilson', 5, '2015-03-25', '70792.00', 1, 'linda.wilson@company.com', 2),
(1181, 'Elizabeth Martin', 5, '2024-12-27', '110662.00', 4, 'elizabeth.martin@company', 4),
(1182, 'Michael Taylor', 4, '2018-03-09', '99536.00', 3, 'michael.taylor@company.com', 3),
(1183, 'Richard Brown', 3, '0000-00-00', '64709.00', 4, 'richard.brown@company.com', 2),
(1184, 'Richard Gonzalez', 6, '2017-06-14', '78920.00', 1, 'richard.gonzalez@company.com', 1),
(1185, 'Elizabeth Young', 7, '2022-12-08', '80344.00', 2, 'elizabeth.young@company.com', 4),
(1186, 'Thomas Jackson', 4, '2024-01-30', '77552.00', 1, 'thomas.jackson@company.com', 2),
(1187, 'Charles Miller', 7, '2022-02-18', '86856.00', 3, 'charles.miller@company.com', 4),
(1188, 'James Rodriguez', 4, '2023-10-13', '95123.98', 3, 'james.rodriguez@company.com', 2),
(1189, 'Barbara Johnson', 7, '0000-00-00', '77296.00', 0, 'barbara.johnson@company.com', 5),
(1190, 'Nancy White', 4, '0000-00-00', '95123.98', 1, 'nancy.white@company.com', 1),
(1191, 'John Wilson', 3, '2014-04-20', '79733.00', 1, 'john.wilson@company.com', 3),
(1192, 'Susan Smith', 1, '2020-10-09', '48787.00', 2, 'susan.smith@company.com', 2),
(1193, 'Jessica Taylor', 5, '0000-00-00', '80455.00', 3, 'jessica.taylor@company.com', 4),
(1194, 'Sarah Hall', 7, '2016-12-23', '65915.00', 2, 'sarah.hall@company.com', 1),
(1195, 'Susan Lewis', 4, '2024-11-05', '95123.98', 4, 'susan.lewis@company.com', 3),
(1196, 'Kevin Moore', 3, '2021-09-05', '58325.00', 4, 'kevin.moore@company.com', 4),
(1197, 'Barbara Thompson', 3, '2022-10-12', '66644.00', 3, 'barbara.thompson@company.com', 1),
(1198, 'Andrew Harris', 5, '0000-00-00', '97382.00', 5, 'andrew.harris@company.com', 4),
(1199, 'James Harris', 4, '2022-09-15', '80363.00', 6, 'james.harris@company.com', 1),
(1200, 'Andrew Harris', 1, '2020-06-27', '69477.00', 5, 'andrew.harris@company.com', 3),
(1201, 'Matthew Thompson', 7, '2020-06-23', '74203.47', 2, 'matthew.thompson@company', 3),
(1202, 'William Miller', 1, '2016-07-21', '46059.00', 3, 'william.miller@company.com', 4),
(1203, 'Sarah Lopez', 6, '2022-02-02', '86317.22', 1, 'sarah.lopez@company.com', 1),
(1204, 'Mary Wilson', 6, '2014-07-30', '66755.00', 3, 'mary.wilson@company.com', 2),
(1205, 'Linda Williams', 2, '2020-07-18', '62593.00', 5, 'linda.williams@company.com', 3),
(1206, 'Emily Thompson', 3, '2019-05-22', '69718.00', 4, 'emily.thompson@company.com', 2),
(1207, 'Thomas Hall', 6, '2015-11-30', '65183.00', 3, 'thomas.hall@company.com', 2),
(1208, 'John Hernandez', 3, '2019-11-18', '49769.00', 1, 'john.hernandez@company.com', 5),
(1209, 'Jessica Martin', 5, '0000-00-00', '67331.00', 3, 'jessica.martin@company.com', 4),
(1210, 'Kevin Hernandez', 4, '2022-02-01', '95123.98', 2, 'kevin.hernandez@company.com', 4),
(1211, 'Jessica Thompson', 2, '2020-12-13', '81624.00', 4, 'jessica.thompson@company.com', 4),
(1212, 'James Walker', 2, '2022-09-08', '59222.00', 4, 'james.walker@company.com', 1),
(1213, 'Charles Brown', 2, '2023-06-08', '76417.00', 2, 'charles.brown@company.com', 3),
(1214, 'Andrew Harris', 4, '2018-04-07', '97379.00', 3, 'andrew.harris@company.com', 3),
(1215, 'Emily Young', 7, '2015-08-29', '71821.00', 1, 'emily.young@company.com', 5),
(1216, 'Charles Martinez', 3, '0000-00-00', '64869.00', 0, 'charles.martinez@company.com', 5),
(1217, 'Betty Taylor', 4, '2021-08-20', '72009.00', 0, 'betty.taylor@company.com', 5),
(1218, 'Sarah Martinez', 6, '2016-09-19', '87762.00', 3, 'sarah.martinez@company.com', 2),
(1219, 'Nancy Thompson', 2, '2014-05-10', '57453.00', 1, 'nancy.thompson@company.com', 4),
(1220, 'Matthew Wilson', 3, '2020-03-06', '93593.00', 4, 'matthew.wilson@company.com', 1),
(1221, 'Mary Hernandez', 6, '0000-00-00', '86317.22', 3, 'mary.hernandez@company.com', 3),
(1222, 'Joshua Gonzalez', 3, '2021-11-09', '93947.00', 2, 'joshua.gonzalez@company.com', 1),
(1223, 'Matthew White', 2, '2015-03-27', '76386.00', 1, 'matthew.white@company.com', 4),
(1224, 'Charles Martinez', 2, '2016-02-21', '60898.00', 4, 'charles.martinez@company.com', 4),
(1225, 'Elizabeth Moore', 3, '0000-00-00', '90588.00', 1, 'elizabeth.moore@company.com', 3),
(1226, 'Robert Jones', 5, '2018-12-12', '86810.69', 2, 'robert.jones@company.com', 2),
(1227, 'David Miller', 1, '2017-07-08', '53402.00', 7, 'david.miller@company.com', 5),
(1228, 'Jennifer Wilson', 1, '2018-09-12', '65993.00', 1, 'jennifer.wilson@company.com', 2),
(1229, 'Andrew Thompson', 3, '2015-09-13', '60684.00', 1, 'andrew.thompson@company.com', 4),
(1230, 'Emily Gonzalez', 7, '2018-08-19', '86181.00', 3, 'emily.gonzalez@company.com', 4),
(1231, 'Barbara Thompson', 7, '2021-09-29', '71077.00', 2, 'barbara.thompson@company.com', 2),
(1232, 'Andrew Harris', 6, '2016-04-15', '97101.00', 2, 'andrew.harris@company.com', 5),
(1233, 'Betty Young', 5, '2018-08-08', '79947.00', 5, 'betty.young@company.com', 5),
(1234, 'Charles Garcia', 4, '0000-00-00', '95123.98', 2, 'charles.garcia@company.com', 4),
(1235, 'Betty Martin', 3, '2022-10-09', '79973.00', 1, 'betty.martin@company.com', 5),
(1236, 'John Jackson', 7, '2020-11-09', '73544.00', 5, 'john.jackson@company.com', 5),
(1237, 'Elizabeth Martinez', 3, '2024-04-28', '65212.00', 2, 'elizabeth.martinez@company.com', 3),
(1238, 'William Gonzalez', 5, '0000-00-00', '72141.00', 5, 'william.gonzalez@company.com', 3),
(1239, 'Patricia Moore', 6, '0000-00-00', '107139.00', 2, 'patricia.moore@company.com', 1),
(1240, 'John Robinson', 2, '2023-07-07', '78607.00', 2, 'john.robinson@company.com', 2),
(1241, 'Sarah Smith', 5, '2022-02-04', '112855.00', 3, 'sarah.smith@company.com', 4),
(1242, 'Betty Martinez', 5, '0000-00-00', '87589.00', 2, 'betty.martinez@company.com', 5),
(1243, 'Jennifer Martinez', 6, '2014-09-13', '86317.22', 5, 'jennifer.martinez@company.com', 1),
(1244, 'Kevin Miller', 5, '2021-11-30', '61462.00', 1, 'kevin.miller@company.com', 3),
(1245, 'Joshua Wilson', 7, '2015-07-20', '80768.00', 3, 'joshua.wilson@company.com', 5),
(1246, 'Karen Lewis', 6, '2019-10-26', '101973.00', 3, 'karen.lewis@company.com', 2),
(1247, 'Mary Jackson', 5, '2016-04-29', '114921.00', 2, 'mary.jackson@company.com', 3),
(1248, 'Lisa Martin', 2, '0000-00-00', '58312.00', 5, 'lisa.martin@company.com', 4),
(1249, 'Jane Lee', 2, '0000-00-00', '69294.00', 3, 'jane.lee@company.com', 5),
(1250, 'Lisa Hernandez', 2, '2021-06-05', '65507.00', 2, 'lisa.hernandez@company.com', 1),
(1251, 'Kevin Anderson', 4, '2019-05-14', '95123.98', 1, 'kevin.anderson@company.com', 4),
(1252, 'Daniel Anderson', 6, '0000-00-00', '65992.00', 3, 'daniel.anderson@company.com', 5),
(1253, 'Michael Anderson', 5, '0000-00-00', '91865.00', 2, 'michael.anderson@company.com', 5),
(1254, 'Michael Thompson', 2, '2017-07-09', '59501.00', 1, 'michael.thompson@company.com', 5),
(1255, 'Jessica Miller', 4, '0000-00-00', '89126.00', 3, 'jessica.miller@company.com', 5),
(1257, 'Joshua Thomas', 5, '0000-00-00', '72090.00', 5, 'joshua.thomas@company.com', 4),
(1258, 'Michael Lewis', 3, '0000-00-00', '81261.00', 3, 'michael.lewis@company.com', 2),
(1259, 'Andrew Young', 5, '0000-00-00', '116260.00', 0, 'andrew.young@company.com', 2),
(1260, 'Barbara Lewis', 1, '2017-11-03', '78275.00', 2, 'barbara.lewis@company.com', 4),
(1261, 'Andrew Harris', 3, '0000-00-00', '82954.00', 3, 'andrew.harris@company.com', 2),
(1262, 'David Garcia', 6, '2017-12-22', '114732.00', 1, 'david.garcia@company.com', 1),
(1263, 'David Thompson', 7, '2021-07-31', '69345.00', 2, 'david.thompson@company.com', 1),
(1264, 'Susan Williams', 1, '2022-08-29', '49988.00', 4, 'susan.williams@company.com', 4),
(1265, 'Patricia Martinez', 7, '2023-09-24', '62857.00', 5, 'patricia.martinez@company', 1),
(1266, 'Barbara Taylor', 4, '0000-00-00', '113236.00', 1, 'barbara.taylor@company.com', 4),
(1267, 'Emily Thompson', 1, '0000-00-00', '55074.00', 1, 'emily.thompson@company.com', 1),
(1268, 'James Lee', 3, '2021-03-19', '69893.00', 4, 'james.lee@company.com', 3),
(1269, 'Charles Martin', 7, '2023-01-05', '87341.00', 4, 'charles.martin@company.com', 4),
(1270, 'Nancy Hernandez', 7, '2021-10-10', '66104.00', 3, 'nancy.hernandez@company.com', 5),
(1271, 'Elizabeth Williams', 7, '2016-12-18', '82722.00', 5, 'elizabeth.williams@company.com', 1),
(1272, 'Linda Robinson', 5, '2020-11-03', '91086.00', 5, 'linda.robinson@company.com', 3),
(1273, 'Robert Clark', 3, '2019-06-07', '87900.00', 1, 'robert.clark@company.com', 4),
(1274, 'Betty Davis', 7, '2016-02-27', '72122.00', 4, 'betty.davis@company.com', 1),
(1275, 'Barbara Thompson', 3, '2024-09-26', '61864.00', 5, 'barbara.thompson@company.com', 5),
(1276, 'Andrew Martinez', 2, '2016-06-10', '77022.00', 2, 'andrew.martinez@company.com', 1),
(1277, 'Jessica Davis', 2, '2017-02-16', '77151.00', 5, 'jessica.davis@company.com', 3),
(1278, 'Christopher Lewis', 1, '2020-04-04', '70200.00', 1, 'christopher.lewis@company.com', 2),
(1279, 'Robert Miller', 5, '2017-05-07', '66025.00', 5, 'robert.miller@company.com', 2),
(1280, 'Christopher Jones', 2, '2016-07-10', '68080.00', 3, 'christopher.jones@company.com', 3),
(1281, 'Mary Smith', 4, '2024-07-23', '92185.00', 4, 'mary.smith@company.com', 3),
(1282, 'Richard Johnson', 3, '0000-00-00', '54172.00', 1, 'richard.johnson@company.com', 4),
(1283, 'Susan Davis', 7, '2017-04-05', '85818.00', 1, 'susan.davis@company.com', 2),
(1284, 'Matthew Thomas', 4, '0000-00-00', '95123.98', 4, 'matthew.thomas@company.com', 4),
(1285, 'Jennifer Martin', 1, '2017-03-29', '52061.00', 4, 'jennifer.martin@company.com', 1),
(1286, 'Thomas Walker', 4, '2021-11-27', '95123.98', 4, 'thomas.walker@company.com', 3),
(1287, 'Kevin Clark', 1, '0000-00-00', '43849.00', 1, 'kevin.clark@company.com', 4),
(1288, 'Charles Williams', 6, '0000-00-00', '86317.22', 4, 'charles.williams@company.com', 3),
(1289, 'Thomas Anderson', 2, '2021-11-27', '47216.00', 3, 'thomas.anderson@company.com', 4),
(1290, 'Sarah Wilson', 3, '2019-06-26', '49871.00', 1, 'sarah.wilson@company.com', 1),
(1291, 'Lisa Young', 1, '2017-07-22', '43179.00', 1, 'lisa.young@company.com', 1),
(1292, 'Lisa Lee', 7, '0000-00-00', '50418.00', 3, 'lisa.lee@company.com', 5),
(1293, 'Michael Jackson', 4, '2017-11-29', '95123.98', 5, 'michael.jackson@company.com', 2),
(1294, 'William Miller', 6, '2020-04-14', '78021.00', 2, 'william.miller@company.com', 5),
(1295, 'John White', 6, '0000-00-00', '90334.00', 3, 'john.white@company.com', 2),
(1296, 'Daniel White', 1, '2024-06-24', '44454.00', 2, 'daniel.white@company.com', 1),
(1297, 'Barbara Gonzalez', 5, '2022-02-12', '101345.00', 3, 'barbara.gonzalez@company.com', 4),
(1298, 'Lisa Thomas', 1, '2022-02-03', '49897.00', 5, 'lisa.thomas@company.com', 3),
(1299, 'Daniel Gonzalez', 6, '2017-01-25', '61198.00', 5, 'daniel.gonzalez@company.com', 1),
(1300, 'Lisa Davis', 7, '2017-03-24', '64334.00', 5, 'lisa.davis@company.com', 1),
(1301, 'John Jones', 2, '2015-05-15', '78143.00', 3, 'john.jones@company.com', 4),
(1302, 'Michael Lee', 3, '2020-06-06', '74885.00', 4, 'michael.lee@company.com', 1),
(1303, 'Christopher White', 5, '2021-03-08', '79458.00', 5, 'christopher.white@company.com', 1),
(1304, 'Matthew Smith', 7, '2020-03-02', '53961.00', 3, 'matthew.smith@company.com', 4),
(1305, 'Jane Young', 1, '2018-04-05', '57992.60', 3, 'jane.young@company.com', 1),
(1306, 'Lisa Clark', 7, '0000-00-00', '81972.00', 4, 'lisa.clark@company.com', 2),
(1307, 'Michael Walker', 4, '2024-12-28', '72061.00', 5, 'michael.walker@company.com', 2),
(1308, 'Kevin Clark', 6, '2018-06-05', '60866.00', 5, 'kevin.clark@company.com', 2),
(1309, 'Jane Young', 7, '2023-07-03', '74203.47', 4, 'jane.young@company.com', 2),
(1310, 'Nancy Brown', 3, '2017-11-14', '81152.00', 1, 'nancy.brown@company', 1),
(1311, 'William Clark', 3, '2024-09-15', '71957.00', 1, 'william.clark@company.com', 3),
(1312, 'Michael Wilson', 7, '2022-09-02', '50776.00', 5, 'michael.wilson@company.com', 2),
(1313, 'Charles Davis', 6, '2023-01-09', '62192.00', 2, 'charles.davis@company.com', 2),
(1314, 'Lisa Garcia', 4, '0000-00-00', '95123.98', 4, 'lisa.garcia@company.com', 1),
(1315, 'James Lewis', 5, '2017-04-04', '102329.00', 4, 'james.lewis@company.com', 5),
(1316, 'Susan White', 1, '2014-06-22', '58005.00', 2, 'susan.white@company.com', 1),
(1317, 'Patricia Taylor', 6, '2017-03-24', '97576.00', 4, 'patricia.taylor@company.com', 4),
(1318, 'Robert Anderson', 5, '2024-09-17', '86810.69', 3, 'robert.anderson@company.com', 2),
(1319, 'Barbara Johnson', 4, '2022-04-01', '95123.98', 4, 'barbara.johnson@company.com', 4),
(1320, 'David Moore', 2, '2014-11-20', '73218.00', 4, 'david.moore@company.com', 2),
(1321, 'Jessica Davis', 3, '0000-00-00', '56748.00', 4, 'jessica.davis@company.com', 5),
(1322, 'Betty Hall', 2, '2024-05-12', '52013.00', 1, 'betty.hall@company.com', 3),
(1323, 'Kevin Walker', 1, '2018-12-17', '46312.00', 3, 'kevin.walker@company.com', 5),
(1324, 'Daniel Brown', 4, '2021-05-10', '95123.98', 4, 'daniel.brown@company.com', 1),
(1326, 'Patricia Jones', 2, '0000-00-00', '60792.00', 3, 'patricia.jones@company.com', 4),
(1327, 'Lisa Lewis', 4, '2019-05-17', '95156.00', 3, 'lisa.lewis@company.com', 4),
(1328, 'Karen Anderson', 5, '0000-00-00', '95617.00', 2, 'karen.anderson@company.com', 1),
(1329, 'Patricia Thompson', 5, '2016-04-07', '89501.00', 4, 'patricia.thompson@company', 1),
(1330, 'Karen Taylor', 2, '2023-04-15', '61542.00', 1, 'karen.taylor@company.com', 1),
(1331, 'Linda Moore', 2, '0000-00-00', '68228.00', 1, 'linda.moore@company.com', 2),
(1332, 'Robert Martin', 3, '2017-01-15', '62519.00', 1, 'robert.martin@company.com', 5),
(1333, 'Sarah Hernandez', 5, '0000-00-00', '107096.00', 1, 'sarah.hernandez@company.com', 2),
(1334, 'Sarah Clark', 3, '2020-04-21', '70697.70', 4, 'sarah.clark@company.com', 3),
(1335, 'Susan Young', 2, '2021-10-22', '50178.00', 1, 'susan.young@company.com', 2),
(1336, 'Linda Anderson', 1, '2017-01-17', '64448.00', 3, 'linda.anderson@company.com', 1),
(1337, 'Jennifer Martin', 4, '2015-07-17', '95123.98', 2, 'jennifer.martin@company.com', 2),
(1338, 'Linda Robinson', 5, '2015-03-24', '85080.00', 5, 'linda.robinson@company.com', 4),
(1339, 'Linda Harris', 4, '0000-00-00', '95123.98', 1, 'linda.harris@company.com', 1),
(1340, 'Thomas Young', 3, '0000-00-00', '60938.00', 5, 'thomas.young@company.com', 5),
(1341, 'Nancy Taylor', 3, '2020-07-31', '90694.00', 5, 'nancy.taylor@company.com', 2),
(1342, 'Jessica Wilson', 7, '2016-09-07', '64801.00', 5, 'jessica.wilson@company.com', 1),
(1343, 'Jane Robinson', 1, '2016-09-20', '59659.00', 3, 'jane.robinson@company.com', 4),
(1344, 'Susan Hall', 6, '2014-07-27', '70566.00', 1, 'susan.hall@company.com', 4),
(1345, 'Matthew Moore', 6, '2021-06-07', '64152.00', 4, 'matthew.moore@company.com', 2),
(1346, 'Matthew Anderson', 5, '2024-02-25', '61127.00', 3, 'matthew.anderson@company.com', 1),
(1347, 'Sarah Young', 5, '2019-12-16', '81560.00', 4, 'sarah.young@company.com', 5),
(1348, 'Jane Garcia', 3, '2016-07-13', '69855.00', 1, 'jane.garcia@company.com', 3),
(1349, 'Richard Harris', 6, '2021-02-26', '109436.00', 3, 'richard.harris@company.com', 4),
(1350, 'Jessica Walker', 1, '2016-08-11', '76221.00', 3, 'jessica.walker@company.com', 3),
(1351, 'William Thomas', 6, '2014-04-08', '86317.22', 3, 'william.thomas@company.com', 5),
(1352, 'Karen Anderson', 4, '2015-02-15', '77355.00', 3, 'karen.anderson@company.com', 2),
(1353, 'Nancy Rodriguez', 5, '0000-00-00', '96729.00', 6, 'nancy.rodriguez@company.com', 4),
(1354, 'Sarah Clark', 3, '2017-09-14', '45619.00', 5, 'sarah.clark@company.com', 3),
(1355, 'Lisa Davis', 6, '2022-01-17', '82463.00', 5, 'lisa.davis@company.com', 4),
(1356, 'Robert Robinson', 6, '2019-04-19', '86317.22', 3, 'robert.robinson@company.com', 3),
(1357, 'Robert Lee', 7, '2015-02-16', '82758.00', 2, 'robert.lee@company.com', 1),
(1358, 'Barbara Rodriguez', 2, '2021-08-22', '73436.00', 4, 'barbara.rodriguez@company.com', 1),
(1359, 'Thomas Clark', 5, '2022-08-24', '97264.00', 2, 'thomas.clark@company.com', 2),
(1360, 'David Clark', 1, '2015-07-18', '61710.00', 1, 'david.clark@company.com', 5),
(1361, 'Linda Taylor', 2, '2014-01-22', '82083.00', 3, 'linda.taylor@company.com', 4),
(1362, 'Emily Thomas', 4, '0000-00-00', '82499.00', 5, 'emily.thomas@company.com', 5),
(1363, 'James Lee', 7, '2020-03-04', '84613.00', 3, 'james.lee@company.com', 3),
(1364, 'Thomas Davis', 5, '2024-12-19', '115237.00', 1, 'thomas.davis@company.com', 2),
(1365, 'Lisa Rodriguez', 2, '2024-06-02', '47788.00', 3, 'lisa.rodriguez@company.com', 1),
(1366, 'Nancy Anderson', 1, '2015-09-10', '55057.00', 5, 'nancy.anderson@company.com', 1),
(1367, 'Betty Williams', 6, '2018-07-25', '87710.00', 2, 'betty.williams@company', 2),
(1368, 'Michael White', 2, '0000-00-00', '82144.00', 4, 'michael.white@company.com', 4),
(1369, 'Thomas Martinez', 3, '0000-00-00', '76162.00', 5, 'thomas.martinez@company.com', 5),
(1370, 'Karen Davis', 2, '2023-11-17', '62766.00', 5, 'karen.davis@company.com', 3),
(1371, 'Nancy Rodriguez', 4, '2023-11-07', '76102.00', 5, 'nancy.rodriguez@company.com', 5),
(1372, 'Nancy Hernandez', 2, '2019-05-03', '49872.00', 5, 'nancy.hernandez@company.com', 1),
(1373, 'Barbara Hernandez', 4, '2019-10-05', '106749.00', 1, 'barbara.hernandez@company.com', 2),
(1374, 'Sarah Young', 4, '0000-00-00', '95123.98', 5, 'sarah.young@company.com', 1),
(1375, 'Jane Moore', 1, '0000-00-00', '76930.00', 3, 'jane.moore@company.com', 1),
(1376, 'Matthew Williams', 3, '0000-00-00', '88129.00', 1, 'matthew.williams@company.com', 3),
(1377, 'Barbara Jones', 6, '0000-00-00', '64312.00', 3, 'barbara.jones@company.com', 4),
(1378, 'Joshua Jones', 7, '2017-03-22', '61754.00', 3, 'joshua.jones@company.com', 4),
(1379, 'John Davis', 4, '2017-08-08', '111220.00', 3, 'john.davis@company.com', 3),
(1380, 'Michael Gonzalez', 2, '0000-00-00', '46026.00', 3, 'michael.gonzalez@company.com', 2),
(1381, 'Betty White', 1, '2021-03-30', '53576.00', 3, 'betty.white@company.com', 5),
(1382, 'Andrew Jones', 2, '2014-08-31', '83471.00', 1, 'andrew.jones@company.com', 2),
(1383, 'Nancy White', 4, '2024-03-07', '95123.98', 2, 'nancy.white@company.com', 5),
(1384, 'Lisa Miller', 1, '2022-08-15', '66102.00', 2, 'lisa.miller@company.com', 4),
(1385, 'Emily Williams', 2, '2015-02-01', '50042.00', 5, 'emily.williams@company.com', 1),
(1386, 'Linda Wilson', 6, '2021-04-25', '99226.00', 4, 'linda.wilson@company.com', 1),
(1387, 'Patricia Wilson', 6, '2020-06-09', '81292.00', 1, 'patricia.wilson@company.com', 2),
(1388, 'Patricia Hernandez', 5, '2016-09-08', '91959.00', 2, 'patricia.hernandez@company.com', 3),
(1389, 'Robert Moore', 3, '2020-01-01', '60759.00', 1, 'robert.moore@company.com', 5),
(1390, 'Nancy Anderson', 2, '2022-04-14', '82138.00', 1, 'nancy.anderson@company.com', 1),
(1391, 'Richard Wilson', 3, '2022-02-09', '70503.00', 5, 'richard.wilson@company.com', 2),
(1392, 'Kevin Johnson', 4, '2023-07-15', '95123.98', 2, 'kevin.johnson@company.com', 3),
(1393, 'Jane Miller', 4, '2024-07-03', '113480.00', 4, 'jane.miller@company.com', 4),
(1394, 'Emily Robinson', 4, '2014-06-02', '95123.98', 4, 'emily.robinson@company.com', 3),
(1395, 'Richard Wilson', 3, '2024-03-29', '94519.00', 4, 'richard.wilson@company.com', 4),
(1396, 'John Gonzalez', 6, '2024-05-02', '78343.00', 3, 'john.gonzalez@company.com', 2),
(1397, 'Richard Young', 2, '2015-12-19', '50139.00', 2, 'richard.young@company.com', 3),
(1398, 'James Clark', 6, '2018-08-09', '86317.22', 3, 'james.clark@company.com', 2),
(1399, 'Betty Jackson', 5, '2023-11-23', '103854.00', 3, 'betty.jackson@company.com', 4),
(1400, 'Karen White', 6, '0000-00-00', '105332.00', 3, 'karen.white@company.com', 1),
(1401, 'Karen Smith', 3, '2015-12-22', '48519.00', 3, 'karen.smith@company.com', 1),
(1402, 'Thomas Walker', 1, '2024-06-22', '46401.00', 5, 'thomas.walker@company.com', 4),
(1403, 'Mary Young', 6, '2024-04-24', '117290.00', 3, 'mary.young@company.com', 5),
(1404, 'Linda Clark', 5, '2014-05-29', '70213.00', 1, 'linda.clark@company.com', 5),
(1405, 'Christopher Jackson', 2, '2023-05-19', '49981.00', 2, 'christopher.jackson@company.com', 1),
(1406, 'Jessica Gonzalez', 2, '2018-06-15', '67321.00', 2, 'jessica.gonzalez@company.com', 1),
(1407, 'Karen Thomas', 3, '2022-11-02', '84660.00', 5, 'karen.thomas@company.com', 3),
(1408, 'Barbara Smith', 7, '2019-07-23', '74203.47', 1, 'barbara.smith@company.com', 3),
(1409, 'Susan Lopez', 5, '2016-02-03', '80998.00', 1, 'susan.lopez@company.com', 1),
(1410, 'Christopher Martinez', 4, '2024-03-07', '112778.00', 3, 'christopher.martinez@company.com', 5),
(1411, 'Patricia Clark', 5, '2022-05-26', '56941.00', 4, 'patricia.clark@company.com', 3),
(1412, 'David Gonzalez', 6, '2024-10-15', '86317.22', 4, 'david.gonzalez@company.com', 4),
(1413, 'Robert Walker', 2, '0000-00-00', '74527.00', 4, 'robert.walker@company.com', 3),
(1414, 'Mary Young', 1, '2024-05-21', '72152.00', 5, 'mary.young@company.com', 3),
(1415, 'Robert Robinson', 2, '0000-00-00', '59951.00', 4, 'robert.robinson@company.com', 3),
(1416, 'Jane Wilson', 6, '2023-11-01', '106636.00', 4, 'jane.wilson@company.com', 2),
(1417, 'Daniel Moore', 3, '2014-06-03', '81243.00', 3, 'daniel.moore@company.com', 4),
(1418, 'Jessica Harris', 7, '2014-02-07', '74203.47', 2, 'jessica.harris@company.com', 1),
(1419, 'Barbara Harris', 4, '2017-05-07', '95123.98', 3, 'barbara.harris@company.com', 5),
(1420, 'Jane Moore', 5, '0000-00-00', '67172.00', 1, 'jane.moore@company.com', 5),
(1421, 'Jessica Lewis', 7, '2020-10-04', '88395.00', 3, 'jessica.lewis@company.com', 1),
(1422, 'William Martin', 4, '2015-03-16', '95123.98', 4, 'william.martin@company.com', 2),
(1423, 'Jane Young', 2, '2024-05-30', '50616.00', -1, 'jane.young@company.com', 5),
(1424, 'Jane Davis', 1, '2017-04-10', '59357.00', 3, 'jane.davis@company.com', 3),
(1425, 'Daniel Thomas', 2, '2017-11-03', '61151.00', 5, 'daniel.thomas@company.com', 5),
(1426, 'Patricia Davis', 3, '2019-02-05', '91734.00', 4, 'patricia.davis@company.com', 4),
(1427, 'Charles Rodriguez', 3, '2021-03-11', '49817.00', 5, 'charles.rodriguez@company.com', 4),
(1428, 'Betty Wilson', 1, '2020-02-04', '45376.00', 3, 'betty.wilson@company.com', 1),
(1429, 'Nancy Thomas', 5, '2019-11-18', '72561.00', 1, 'nancy.thomas@company.com', 2),
(1430, 'Charles Smith', 6, '0000-00-00', '80214.00', 2, 'charles.smith@company.com', 2),
(1431, 'Emily Gonzalez', 7, '2023-12-22', '74203.47', 4, 'emily.gonzalez@company.com', 5),
(1432, 'Jane Hernandez', 1, '2024-07-11', '50110.00', 5, 'jane.hernandez@company.com', 2),
(1433, 'Charles Thompson', 7, '2015-07-04', '75534.00', 1, 'charles.thompson@company.com', 2),
(1434, 'Michael Thompson', 4, '2023-07-18', '111507.00', 1, 'michael.thompson@company.com', 5),
(1435, 'Nancy Lewis', 5, '2019-08-28', '78638.00', 2, 'nancy.lewis@company.com', 4),
(1436, 'Emily Gonzalez', 3, '2019-02-04', '51982.00', 3, 'emily.gonzalez@company.com', 3),
(1437, 'Michael Harris', 5, '2017-01-22', '60997.00', 2, 'michael.harris@company.com', 1),
(1438, 'Elizabeth Garcia', 2, '0000-00-00', '45340.00', 2, 'elizabeth.garcia@company.com', 4),
(1439, 'Michael Robinson', 3, '2023-01-26', '65202.00', 3, 'michael.robinson@company.com', 2),
(1440, 'Susan Anderson', 7, '2015-07-04', '79146.00', 3, 'susan.anderson@company.com', 2),
(1441, 'Nancy Hall', 6, '2017-09-16', '86317.22', 3, 'nancy.hall@company.com', 5),
(1442, 'Lisa Jones', 3, '2015-10-28', '70697.70', 1, 'lisa.jones@company.com', 1),
(1443, 'Richard Martin', 2, '2022-03-14', '62679.00', 1, 'richard.martin@company.com', 3),
(1444, 'Sarah Moore', 3, '0000-00-00', '51699.00', 4, 'sarah.moore@company.com', 5),
(1445, 'Kevin Smith', 1, '2021-04-09', '48683.00', 4, 'kevin.smith@company.com', 5),
(1446, 'Daniel Hall', 6, '2016-11-19', '71442.00', 2, 'daniel.hall@company.com', 3),
(1447, 'Lisa Gonzalez', 7, '2022-01-22', '62280.00', 2, 'lisa.gonzalez@company.com', 3),
(1448, 'Daniel Jackson', 2, '2016-02-02', '73244.00', 4, 'daniel.jackson@company.com', 2),
(1449, 'Elizabeth Jackson', 1, '0000-00-00', '69415.00', 5, 'elizabeth.jackson@company.com', 5),
(1450, 'Jane Thompson', 4, '2022-04-06', '95123.98', 2, 'jane.thompson@company.com', 4),
(1451, 'Elizabeth Smith', 5, '2017-10-12', '91355.00', 5, 'elizabeth.smith@company.com', 4),
(1452, 'Michael Williams', 1, '2022-11-13', '73583.00', 5, 'michael.williams@company.com', 5),
(1453, 'Linda Lee', 4, '2017-04-23', '95123.98', 3, 'linda.lee@company.com', 3),
(1454, 'Susan Wilson', 2, '2020-05-14', '51769.00', 1, 'susan.wilson@company.com', 1),
(1455, 'Daniel Jones', 6, '2021-07-25', '63442.00', 4, 'daniel.jones@company.com', 3),
(1456, 'Daniel Walker', 2, '2022-06-29', '50873.00', 1, 'daniel.walker@company.com', 3),
(1457, 'Charles Anderson', 2, '2016-03-02', '68194.00', 4, 'charles.anderson@company.com', 1),
(1458, 'William Garcia', 7, '2015-12-20', '86321.00', 1, 'william.garcia@company.com', 3),
(1459, 'Betty Johnson', 2, '2020-07-11', '51099.00', 4, 'betty.johnson@company.com', 1),
(1460, 'James Rodriguez', 5, '2023-08-08', '94120.00', 1, 'james.rodriguez@company.com', 5),
(1461, 'Robert Gonzalez', 7, '2021-03-01', '89193.00', 3, 'robert.gonzalez@company.com', 1),
(1462, 'Susan Hernandez', 2, '2024-01-23', '66261.00', 5, 'susan.hernandez@company.com', 4),
(1463, 'Christopher Miller', 7, '0000-00-00', '75246.00', 4, 'christopher.miller@company.com', 1),
(1464, 'William Anderson', 5, '2023-04-11', '55808.00', 5, 'william.anderson@company.com', 3),
(1465, 'Lisa Hernandez', 5, '2018-10-18', '74126.00', 4, 'lisa.hernandez@company.com', 5),
(1466, 'James Hernandez', 1, '2019-10-12', '67119.00', 4, 'james.hernandez@company.com', 1),
(1467, 'Richard Clark', 7, '2017-05-09', '75414.00', 3, 'richard.clark@company.com', 3),
(1468, 'David Young', 6, '0000-00-00', '71101.00', 1, 'david.young@company', 1),
(1469, 'Susan Gonzalez', 3, '0000-00-00', '92503.00', 4, 'susan.gonzalez@company.com', 5),
(1470, 'Matthew Rodriguez', 4, '2021-07-04', '95123.98', 1, 'matthew.rodriguez@company.com', 5),
(1471, 'Mary Clark', 6, '0000-00-00', '91816.00', 3, 'mary.clark@company.com', 4),
(1472, 'Thomas Robinson', 6, '2016-01-27', '86317.22', 2, 'thomas.robinson@company.com', 5),
(1473, 'William Wilson', 6, '2015-07-30', '82227.00', 5, 'william.wilson@company.com', 3),
(1474, 'Betty Rodriguez', 2, '2019-05-10', '69951.00', 4, 'betty.rodriguez@company.com', 5),
(1475, 'Andrew Robinson', 4, '2017-08-18', '92216.00', 3, 'andrew.robinson@company.com', 5),
(1476, 'Betty Williams', 6, '0000-00-00', '78198.00', 1, 'betty.williams@company.com', 3),
(1477, 'Michael Thomas', 5, '2016-10-13', '72623.00', 4, 'michael.thomas@company.com', 3),
(1478, 'John Smith', 4, '2014-01-28', '109469.00', 3, 'john.smith@company.com', 5),
(1479, 'Thomas Harris', 6, '2016-04-12', '95180.00', 2, 'thomas.harris@company.com', 5),
(1480, 'Elizabeth Moore', 3, '2018-04-21', '77317.00', 4, 'elizabeth.moore@company.com', 1),
(1481, 'Daniel Johnson', 4, '2016-08-22', '89127.00', 5, 'daniel.johnson@company.com', 5),
(1482, 'Sarah Lopez', 1, '2019-01-04', '44146.00', 4, 'sarah.lopez@company.com', 4),
(1483, 'Michael Davis', 4, '2022-06-15', '91916.00', 5, 'michael.davis@company.com', 4),
(1484, 'Barbara Lee', 6, '2016-12-29', '116973.00', 1, 'barbara.lee@company.com', 4),
(1485, 'Robert Williams', 5, '2024-12-09', '73085.00', 4, 'robert.williams@company.com', 4),
(1486, 'Charles Clark', 5, '2017-09-12', '86810.69', 3, 'charles.clark@company.com', 5),
(1487, 'James Lee', 1, '2017-05-21', '59644.00', 3, 'james.lee@company.com', 1),
(1488, 'David Johnson', 2, '2020-07-13', '76734.00', 2, 'david.johnson@company.com', 3),
(1489, 'Betty Clark', 6, '2022-02-08', '70082.00', 3, 'betty.clark@company.com', 5),
(1490, 'Jennifer Smith', 7, '2020-06-04', '73666.00', 2, 'jennifer.smith@company.com', 2),
(1491, 'Kevin Davis', 2, '2014-02-16', '61495.00', 1, 'kevin.davis@company.com', 5),
(1492, 'Michael Miller', 5, '2016-12-07', '116880.00', 5, 'michael.miller@company.com', 4),
(1493, 'Kevin Robinson', 2, '2021-01-05', '61160.00', 1, 'kevin.robinson@company.com', 2),
(1494, 'Lisa Smith', 4, '2018-12-01', '95123.98', 3, 'lisa.smith@company.com', 5),
(1495, 'Jennifer Martin', 4, '2021-10-08', '95123.98', 5, 'jennifer.martin@company.com', 1),
(1496, 'Mary Jones', 5, '2016-08-25', '95414.00', 3, 'mary.jones@company.com', 1),
(1497, 'Emily Davis', 6, '2014-09-12', '85630.00', 3, 'emily.davis@company.com', 2),
(1498, 'Thomas Jones', 5, '2021-06-28', '85006.00', 3, 'thomas.jones@company.com', 3),
(1499, 'Joshua Thomas', 2, '2015-04-30', '64223.62', 2, 'joshua.thomas@company.com', 2),
(1500, 'Barbara Thompson', 2, '2019-03-22', '53879.00', 2, 'barbara.thompson@company.com', 1);

-- --------------------------------------------------------

--
-- Table structure for table `location`
--

CREATE TABLE `location` (
  `location_id` int(11) NOT NULL,
  `location` varchar(50) NOT NULL
) ENGINE=InnoDB DEFAULT CHARSET=latin1;

--
-- Dumping data for table `location`
--

INSERT INTO `location` (`location_id`, `location`) VALUES
(0, 'location'),
(1, 'Chicago'),
(2, 'Boston'),
(3, 'San Francisco'),
(4, 'New York'),
(5, 'Austin');

--
-- Indexes for dumped tables
--

--
-- Indexes for table `department`
--
ALTER TABLE `department`
  ADD PRIMARY KEY (`dept_id`);

--
-- Indexes for table `employee`
--
ALTER TABLE `employee`
  ADD PRIMARY KEY (`employee_id`),
  ADD KEY `dept_id` (`dept_id`),
  ADD KEY `location_id` (`location_id`);

--
-- Indexes for table `location`
--
ALTER TABLE `location`
  ADD PRIMARY KEY (`location_id`);

--
-- Constraints for dumped tables
--

--
-- Constraints for table `employee`
--
ALTER TABLE `employee`
  ADD CONSTRAINT `employee_ibfk_1` FOREIGN KEY (`dept_id`) REFERENCES `department` (`dept_id`),
  ADD CONSTRAINT `employee_ibfk_2` FOREIGN KEY (`location_id`) REFERENCES `location` (`location_id`);
COMMIT;

/*!40101 SET CHARACTER_SET_CLIENT=@OLD_CHARACTER_SET_CLIENT */;
/*!40101 SET CHARACTER_SET_RESULTS=@OLD_CHARACTER_SET_RESULTS */;
/*!40101 SET COLLATION_CONNECTION=@OLD_COLLATION_CONNECTION */;


USE employee_db;
SELECT COUNT(*) as total_employees FROM employee;
SELECT COUNT(*) as total_departments FROM department;
SELECT COUNT(*) as total_locations FROM location;

USE employee_db;
SELECT e.employee_id, e.name, d.department, 
e.salary, l.location
FROM employee e
JOIN department d ON e.dept_id = d.dept_id
JOIN location l ON e.location_id = l.location_id
LIMIT 10;